{"stats":{"minecraft:mined":{"minecraft:grass":1,"minecraft:grass_block":4,"minecraft:dirt":4,"minecraft:tall_grass":1,"butchersdelight:deadsheepblock":1},"minecraft:used":{"minecraft:dirt":7,"minecraft:egg":1},"minecraft:killed":{"minecraft:sheep":1},"minecraft:picked_up":{"butchersdelight:deadsheep":2,"minecraft:gray_wool":1,"minecraft:dirt":8,"minecraft:egg":1},"minecraft:custom":{"minecraft:time_since_rest":1,"minecraft:crouch_one_cm":1473,"minecraft:play_time":9074,"minecraft:sprint_one_cm":33812,"minecraft:deaths":1,"minecraft:damage_taken":430,"minecraft:walk_one_cm":17157,"minecraft:sneak_time":675,"minecraft:walk_under_water_one_cm":3930,"minecraft:mob_kills":1,"minecraft:jump":183,"minecraft:damage_dealt":190,"minecraft:leave_game":1,"minecraft:time_since_death":2232,"minecraft:walk_on_water_one_cm":1809,"minecraft:total_world_time":9074,"minecraft:swim_one_cm":17236,"minecraft:fall_one_cm":5054,"minecraft:fly_one_cm":43559},"minecraft:killed_by":{"sanitydim:sneaking_terror":1}},"DataVersion":3465}